ID,Location,Category,P1,P2,P3,P4,P5
1,3D-Printing Room,Laboratory,"551, 205","602, 205","602, 249","551, 249","551, 205"
2,Aerospace Lab,Laboratory,"1283, 454","1488, 454","1488, 577","1283, 577","1283, 454"
3,Board Room,Meeting Room,"658, 684","811, 684","811, 823","658, 823","658, 684"
4,Brain Lab,Laboratory,"1051, 617","1209, 617","1209, 742","1051, 742","1051, 617"
5,"Clark Robotics, Dynamics and Systems Laboratory",Laboratory,"693, 38","955, 38","955, 218","693, 218","693, 38"
6,Classroom,Classroom,"1051, 368","1212, 368","1212, 578","1051, 578","1051, 368"
7,Core Analytical Lab,Laboratory,"605, 38","689, 38","689, 189","605, 189","605, 38"
8,Dean's Suite,Administrative Offices,"228, 38","406, 38","406, 156","228, 156","228, 38"
9,Elevator,Elevator,"294, 160","337, 160","337, 194","294, 194","294, 160"
10,Elevator,Elevator,"811, 503","858, 503","858, 535","811, 535","811, 503"
11,Elevator,Elevator,"811, 536","839, 535","839, 573","811, 573","811, 536"
12,Graduate Office Space,Graduate Space,"294, 336","354, 336","354, 519","294, 519","294, 336"
13,Graduate Office Space,Graduate Space,"1209, 617","1364, 617","1364, 742","1209, 742","1209, 617"
14,Holy Grounds @ Drosdick Hall,Dining,"451, 665","640, 665","640, 811","451, 811","451, 665"
15,Innovation Lab,Laboratory,"448, 94","604, 94","604, 204","448, 204","448, 94"
16,Jones Family Learning Commons,Study Space,"433, 344","623, 344","623, 580","433, 580","433, 344"
17,Jones Family Learning Stairs,Stairs,"399, 287","610, 287","610, 332","399, 332","399, 287"
18,Meeting Room,Meeting Room,"605, 189","660, 189","660, 253","605, 253","605, 189"
19,Men's Restroom,Restroom,"393, 208","446, 208","446, 250","393, 250","393, 208"
20,Men's Restroom,Restroom,"812, 339","896, 339","896, 395","812, 395","812, 339"
21,Metz Zone,Administrative Offices,"664, 338","743, 338","743, 576","664, 576","664, 338"
22,Multispace Lab,Study Space,"896, 368","1051, 368","1051, 578","896, 578","896, 368"
23,PEERS Space,Study Space,"226, 774","288, 774","288, 818","226, 818","226, 774"
24,Rowen Bioengineering Laboratory,Laboratory,"158, 436","292, 436","292, 574","158, 574","158, 436"
25,Rutter Classroom,Classroom,"809, 617","932, 617","932, 742","809, 742","809, 617"
26,Seminar Room,Classroom,"1212, 454","1283, 454","1283, 577","1212, 577","1212, 454"
27,Smart Transportation Lab,Laboratory,"932, 617","1051, 617","1051, 742","932, 742","932, 617"
28,Stair 1,Stairs,"408, 94","448, 94","448, 206","408, 206","408, 94"
29,Stair 2,Stairs,"812, 291","896, 291","896, 339","812, 339","812, 291"
30,Stair 3,Stairs,"1128, 216","1215, 216","1215, 259","1128, 259","1128, 216"
31,Stair 4,Stairs,"1488, 623","1528, 623","1528, 713","1488, 713","1488, 623"
32,Study Room,Study Space,"618, 339","662, 339","662, 375","618, 375","618, 339"
33,Study Room,Study Space,"618, 537","662, 535","662, 571","618, 571","618, 537"
34,Visualization & Computation Lab,Laboratory,"1364, 617","1488, 617","1488, 742","1364, 742","1364, 617"
35,Women's Restroom,Restroom,"294, 194","367, 194","367, 272","294, 272","294, 194"
36,Women's Restroom,Restroom,"812, 420","896, 420","896, 476","812, 476","812, 420"
